datetime,pm25
2010-01-01,129.0
2010-01-02,144.33333333333334
2010-01-03,78.375
2010-01-04,29.291666666666668
2010-01-05,43.541666666666664
2010-01-06,59.375
2010-01-07,72.45833333333333
2010-01-08,174.33333333333334
2010-01-09,84.75
2010-01-10,55.083333333333336
2010-01-11,19.916666666666668
2010-01-12,20.5
2010-01-13,42.708333333333336
2010-01-14,92.08333333333333
2010-01-15,49.833333333333336
2010-01-16,182.70833333333334
2010-01-17,210.0
2010-01-18,263.375
2010-01-19,341.0
2010-01-20,70.91666666666667
2010-01-21,27.75
2010-01-22,30.0
2010-01-23,21.708333333333332
2010-01-24,22.0
2010-01-25,22.0
2010-01-26,120.33333333333333
2010-01-27,110.70833333333333
2010-01-28,21.125
2010-01-29,25.625
2010-01-30,45.291666666666664
2010-01-31,38.416666666666664
2010-02-01,64.66666666666667
2010-02-02,65.91666666666667
2010-02-03,78.95833333333333
2010-02-04,56.208333333333336
2010-02-05,78.58333333333333
2010-02-06,76.66666666666667
2010-02-07,113.91666666666667
2010-02-08,180.95833333333334
2010-02-09,147.625
2010-02-10,12.208333333333334
2010-02-11,14.583333333333334
2010-02-12,26.875
2010-02-13,88.20833333333333
2010-02-14,127.16666666666667
2010-02-15,34.208333333333336
2010-02-16,96.125
2010-02-17,60.75
2010-02-18,84.20833333333333
2010-02-19,114.875
2010-02-20,180.83333333333334
2010-02-21,121.29166666666667
2010-02-22,91.83333333333333
2010-02-23,174.54166666666666
2010-02-24,272.75
2010-02-25,164.95833333333334
2010-02-26,69.29166666666667
2010-02-27,80.08333333333333
2010-02-28,81.20833333333333
2010-03-01,59.25
2010-03-02,90.41666666666667
2010-03-03,157.41666666666666
2010-03-04,192.33333333333334
2010-03-05,21.791666666666668
2010-03-06,51.833333333333336
2010-03-07,87.83333333333333
2010-03-08,45.375
2010-03-09,19.708333333333332
2010-03-10,61.875
2010-03-11,176.29166666666666
2010-03-12,43.625
2010-03-13,60.375
2010-03-14,86.625
2010-03-15,62.75
2010-03-16,64.875
2010-03-17,40.583333333333336
2010-03-18,164.75
2010-03-19,226.0
2010-03-20,206.79166666666666
2010-03-21,70.54166666666667
2010-03-22,154.54166666666666
2010-03-23,53.875
2010-03-24,61.916666666666664
2010-03-25,31.041666666666668
2010-03-26,69.5
2010-03-27,69.625
2010-03-28,73.91666666666667
2010-03-29,221.875
2010-03-30,231.33333333333334
2010-03-31,138.875
2010-04-01,27.291666666666668
2010-04-02,31.625
2010-04-03,106.875
2010-04-04,124.125
2010-04-05,128.04166666666666
2010-04-06,21.291666666666668
2010-04-07,94.75
2010-04-08,108.20833333333333
2010-04-09,83.45833333333333
2010-04-10,34.041666666666664
2010-04-11,70.75
2010-04-12,44.5
2010-04-13,23.958333333333332
2010-04-14,55.916666666666664
2010-04-15,177.58333333333334
2010-04-16,205.0
2010-04-17,152.375
2010-04-18,240.25
2010-04-19,199.5
2010-04-20,80.25
2010-04-21,39.0
2010-04-22,39.541666666666664
2010-04-23,33.5
2010-04-24,88.75
2010-04-25,83.83333333333333
2010-04-26,13.5
2010-04-27,25.125
2010-04-28,16.125
2010-04-29,19.041666666666668
2010-04-30,29.041666666666668
2010-05-01,69.91666666666667
2010-05-02,76.41666666666667
2010-05-03,113.29166666666667
2010-05-04,139.25
2010-05-05,119.25
2010-05-06,20.291666666666668
2010-05-07,96.5
2010-05-08,132.0
2010-05-09,79.58333333333333
2010-05-10,42.375
2010-05-11,17.666666666666668
2010-05-12,43.791666666666664
2010-05-13,67.66666666666667
2010-05-14,142.75
2010-05-15,177.08333333333334
2010-05-16,107.625
2010-05-17,70.79166666666667
2010-05-18,50.083333333333336
2010-05-19,34.416666666666664
2010-05-20,65.41666666666667
2010-05-21,113.875
2010-05-22,148.0
2010-05-23,123.20833333333333
2010-05-24,42.458333333333336
2010-05-25,34.333333333333336
2010-05-26,83.70833333333333
2010-05-27,84.83333333333333
2010-05-28,134.41666666666666
2010-05-29,137.58333333333334
2010-05-30,41.291666666666664
2010-05-31,89.08333333333333
2010-06-01,104.29166666666667
2010-06-02,104.54166666666667
2010-06-03,110.83333333333333
2010-06-04,77.875
2010-06-05,76.0
2010-06-06,76.0
2010-06-07,105.95833333333333
2010-06-08,188.58333333333334
2010-06-09,143.08333333333334
2010-06-10,51.791666666666664
2010-06-11,87.375
2010-06-12,106.5
2010-06-13,117.79166666666667
2010-06-14,87.58333333333333
2010-06-15,144.45833333333334
2010-06-16,90.91666666666667
2010-06-17,37.0
2010-06-18,68.29166666666667
2010-06-19,100.125
2010-06-20,76.625
2010-06-21,76.83333333333333
2010-06-22,133.29166666666666
2010-06-23,87.29166666666667
2010-06-24,79.33333333333333
2010-06-25,166.58333333333334
2010-06-26,169.33333333333334
2010-06-27,118.75
2010-06-28,156.95833333333334
2010-06-29,188.20833333333334
2010-06-30,178.375
2010-07-01,119.375
2010-07-02,27.041666666666668
2010-07-03,70.83333333333333
2010-07-04,92.875
2010-07-05,46.291666666666664
2010-07-06,24.958333333333332
2010-07-07,57.125
2010-07-08,46.333333333333336
2010-07-09,84.58333333333333
2010-07-10,82.79166666666667
2010-07-11,167.54166666666666
2010-07-12,122.0
2010-07-13,103.45833333333333
2010-07-14,131.20833333333334
2010-07-15,197.79166666666666
2010-07-16,195.95833333333334
2010-07-17,120.70833333333333
2010-07-18,153.04166666666666
2010-07-19,164.33333333333334
2010-07-20,42.5
2010-07-21,71.66666666666667
2010-07-22,168.54166666666666
2010-07-23,169.16666666666666
2010-07-24,97.45833333333333
2010-07-25,164.04166666666666
2010-07-26,211.58333333333334
2010-07-27,182.66666666666666
2010-07-28,177.04166666666666
2010-07-29,201.20833333333334
2010-07-30,212.375
2010-07-31,119.70833333333333
2010-08-01,43.25
2010-08-02,68.33333333333333
2010-08-03,151.33333333333334
2010-08-04,113.70833333333333
2010-08-05,21.0
2010-08-06,22.0
2010-08-07,79.16666666666667
2010-08-08,100.16666666666667
2010-08-09,242.95833333333334
2010-08-10,141.75
2010-08-11,112.04166666666667
2010-08-12,93.04166666666667
2010-08-13,134.375
2010-08-14,144.0
2010-08-15,144.0
2010-08-16,118.20833333333333
2010-08-17,147.0
2010-08-18,229.875
2010-08-19,113.95833333333333
2010-08-20,113.0
2010-08-21,37.166666666666664
2010-08-22,23.625
2010-08-23,85.08333333333333
2010-08-24,127.16666666666667
2010-08-25,90.16666666666667
2010-08-26,60.166666666666664
2010-08-27,39.875
2010-08-28,51.333333333333336
2010-08-29,113.58333333333333
2010-08-30,110.0
2010-08-31,88.08333333333333
2010-09-01,69.66666666666667
2010-09-02,103.375
2010-09-03,106.79166666666667
2010-09-04,91.79166666666667
2010-09-05,119.5
2010-09-06,158.0
2010-09-07,129.45833333333334
2010-09-08,97.04166666666667
2010-09-09,162.25
2010-09-10,99.70833333333333
2010-09-11,37.791666666666664
2010-09-12,124.125
2010-09-13,159.375
2010-09-14,200.45833333333334
2010-09-15,301.75
2010-09-16,191.91666666666666
2010-09-17,41.25
2010-09-18,23.625
2010-09-19,68.5
2010-09-20,90.41666666666667
2010-09-21,4.833333333333333
2010-09-22,4.0
2010-09-23,4.0
2010-09-24,4.0
2010-09-25,4.0
2010-09-26,4.0
2010-09-27,19.375
2010-09-28,45.0
2010-09-29,45.0
2010-09-30,73.58333333333333
2010-10-01,220.875
2010-10-02,28.541666666666668
2010-10-03,9.875
2010-10-04,27.708333333333332
2010-10-05,82.125
2010-10-06,281.2916666666667
2010-10-07,373.9166666666667
2010-10-08,362.5
2010-10-09,363.25
2010-10-10,371.2083333333333
2010-10-11,10.583333333333334
2010-10-12,55.583333333333336
2010-10-13,110.95833333333333
2010-10-14,15.125
2010-10-15,43.166666666666664
2010-10-16,72.58333333333333
2010-10-17,48.125
2010-10-18,66.125
2010-10-19,73.375
2010-10-20,82.41666666666667
2010-10-21,128.375
2010-10-22,168.66666666666666
2010-10-23,220.125
2010-10-24,91.04166666666667
2010-10-25,10.958333333333334
2010-10-26,14.416666666666666
2010-10-27,92.5
2010-10-28,71.91666666666667
2010-10-29,52.333333333333336
2010-10-30,52.75
2010-10-31,72.0
2010-11-01,49.166666666666664
2010-11-02,41.0
2010-11-03,70.20833333333333
2010-11-04,66.5
2010-11-05,105.41666666666667
2010-11-06,280.5833333333333
2010-11-07,50.708333333333336
2010-11-08,13.0
2010-11-09,64.45833333333333
2010-11-10,133.33333333333334
2010-11-11,67.20833333333333
2010-11-12,67.45833333333333
2010-11-13,16.0
2010-11-14,21.708333333333332
2010-11-15,59.416666666666664
2010-11-16,143.04166666666666
2010-11-17,330.875
2010-11-18,385.0833333333333
2010-11-19,366.9583333333333
2010-11-20,295.7083333333333
2010-11-21,119.45833333333333
2010-11-22,76.5
2010-11-23,232.04166666666666
2010-11-24,61.75
2010-11-25,71.875
2010-11-26,112.54166666666667
2010-11-27,27.833333333333332
2010-11-28,187.91666666666666
2010-11-29,181.79166666666666
2010-11-30,225.16666666666666
2010-12-01,258.0833333333333
2010-12-02,72.875
2010-12-03,82.16666666666667
2010-12-04,172.70833333333334
2010-12-05,65.5
2010-12-06,19.958333333333332
2010-12-07,58.333333333333336
2010-12-08,40.375
2010-12-09,198.70833333333334
2010-12-10,95.5
2010-12-11,49.583333333333336
2010-12-12,116.75
2010-12-13,15.666666666666666
2010-12-14,17.125
2010-12-15,22.791666666666668
2010-12-16,55.666666666666664
2010-12-17,121.625
2010-12-18,278.1666666666667
2010-12-19,137.83333333333334
2010-12-20,210.66666666666666
2010-12-21,441.5
2010-12-22,121.79166666666667
2010-12-23,24.083333333333332
2010-12-24,47.75
2010-12-25,56.75
2010-12-26,47.208333333333336
2010-12-27,77.0
2010-12-28,30.541666666666668
2010-12-29,34.291666666666664
2010-12-30,17.708333333333332
2010-12-31,18.75
2011-01-01,22.583333333333332
2011-01-02,37.875
2011-01-03,169.29166666666666
2011-01-04,82.79166666666667
2011-01-05,19.625
2011-01-06,16.083333333333332
2011-01-07,50.916666666666664
2011-01-08,54.541666666666664
2011-01-09,17.0
2011-01-10,41.708333333333336
2011-01-11,24.5
2011-01-12,66.91666666666667
2011-01-13,121.5
2011-01-14,16.916666666666668
2011-01-15,16.875
2011-01-16,39.333333333333336
2011-01-17,33.916666666666664
2011-01-18,20.625
2011-01-19,20.541666666666668
2011-01-20,43.208333333333336
2011-01-21,74.45833333333333
2011-01-22,48.791666666666664
2011-01-23,14.416666666666666
2011-01-24,48.458333333333336
2011-01-25,31.166666666666668
2011-01-26,71.45833333333333
2011-01-27,27.875
2011-01-28,17.0
2011-01-29,12.666666666666666
2011-01-30,21.208333333333332
2011-01-31,29.166666666666668
2011-02-01,37.208333333333336
2011-02-02,52.916666666666664
2011-02-03,110.20833333333333
2011-02-04,120.45833333333333
2011-02-05,120.625
2011-02-06,48.75
2011-02-07,146.41666666666666
2011-02-08,93.29166666666667
2011-02-09,124.66666666666667
2011-02-10,68.16666666666667
2011-02-11,58.041666666666664
2011-02-12,29.375
2011-02-13,72.0
2011-02-14,36.916666666666664
2011-02-15,211.91666666666666
2011-02-16,267.1666666666667
2011-02-17,214.5
2011-02-18,186.45833333333334
2011-02-19,190.25
2011-02-20,359.4166666666667
2011-02-21,492.75
2011-02-22,397.2916666666667
2011-02-23,417.4583333333333
2011-02-24,128.33333333333334
2011-02-25,70.375
2011-02-26,79.70833333333333
2011-02-27,54.375
2011-02-28,19.083333333333332
2011-03-01,23.375
2011-03-02,25.5
2011-03-03,17.125
2011-03-04,60.458333333333336
2011-03-05,96.375
2011-03-06,12.666666666666666
2011-03-07,18.875
2011-03-08,16.291666666666668
2011-03-09,22.75
2011-03-10,47.958333333333336
2011-03-11,101.91666666666667
2011-03-12,280.375
2011-03-13,159.75
2011-03-14,15.041666666666666
2011-03-15,16.041666666666668
2011-03-16,42.041666666666664
2011-03-17,115.45833333333333
2011-03-18,126.0
2011-03-19,126.0
2011-03-20,126.0
2011-03-21,86.45833333333333
2011-03-22,17.958333333333332
2011-03-23,21.0
2011-03-24,10.375
2011-03-25,22.208333333333332
2011-03-26,61.0
2011-03-27,23.666666666666668
2011-03-28,46.75
2011-03-29,80.08333333333333
2011-03-30,98.75
2011-03-31,195.08333333333334
2011-04-01,37.083333333333336
2011-04-02,62.541666666666664
2011-04-03,127.66666666666667
2011-04-04,129.375
2011-04-05,210.75
2011-04-06,155.75
2011-04-07,169.0
2011-04-08,109.54166666666667
2011-04-09,85.66666666666667
2011-04-10,20.166666666666668
2011-04-11,21.458333333333332
2011-04-12,107.83333333333333
2011-04-13,166.79166666666666
2011-04-14,82.70833333333333
2011-04-15,39.708333333333336
2011-04-16,57.708333333333336
2011-04-17,58.541666666666664
2011-04-18,18.125
2011-04-19,77.58333333333333
2011-04-20,146.20833333333334
2011-04-21,88.70833333333333
2011-04-22,51.291666666666664
2011-04-23,34.125
2011-04-24,19.208333333333332
2011-04-25,111.83333333333333
2011-04-26,75.29166666666667
2011-04-27,43.708333333333336
2011-04-28,93.5
2011-04-29,166.70833333333334
2011-04-30,163.29166666666666
2011-05-01,62.75
2011-05-02,23.166666666666668
2011-05-03,22.625
2011-05-04,67.5
2011-05-05,109.29166666666667
2011-05-06,50.416666666666664
2011-05-07,33.416666666666664
2011-05-08,60.791666666666664
2011-05-09,49.791666666666664
2011-05-10,35.666666666666664
2011-05-11,103.33333333333333
2011-05-12,41.541666666666664
2011-05-13,32.458333333333336
2011-05-14,30.791666666666668
2011-05-15,40.041666666666664
2011-05-16,51.875
2011-05-17,155.16666666666666
2011-05-18,173.45833333333334
2011-05-19,13.583333333333334
2011-05-20,33.0
2011-05-21,42.375
2011-05-22,66.58333333333333
2011-05-23,102.83333333333333
2011-05-24,70.25
2011-05-25,61.458333333333336
2011-05-26,108.20833333333333
2011-05-27,110.375
2011-05-28,141.08333333333334
2011-05-29,107.66666666666667
2011-05-30,54.25
2011-05-31,12.958333333333334
2011-06-01,18.375
2011-06-02,79.45833333333333
2011-06-03,29.458333333333332
2011-06-04,40.791666666666664
2011-06-05,86.79166666666667
2011-06-06,99.875
2011-06-07,136.25
2011-06-08,26.625
2011-06-09,132.20833333333334
2011-06-10,114.79166666666667
2011-06-11,64.29166666666667
2011-06-12,23.333333333333332
2011-06-13,90.125
2011-06-14,150.54166666666666
2011-06-15,151.375
2011-06-16,114.08333333333333
2011-06-17,102.04166666666667
2011-06-18,185.5
2011-06-19,196.41666666666666
2011-06-20,179.16666666666666
2011-06-21,145.0
2011-06-22,249.66666666666666
2011-06-23,135.79166666666666
2011-06-24,27.041666666666668
2011-06-25,35.416666666666664
2011-06-26,50.916666666666664
2011-06-27,59.958333333333336
2011-06-28,143.0
2011-06-29,235.66666666666666
2011-06-30,142.29166666666666
2011-07-01,136.5
2011-07-02,161.70833333333334
2011-07-03,105.08333333333333
2011-07-04,64.29166666666667
2011-07-05,125.5
2011-07-06,167.79166666666666
2011-07-07,26.916666666666668
2011-07-08,23.083333333333332
2011-07-09,23.0
2011-07-10,87.0
2011-07-11,191.79166666666666
2011-07-12,111.29166666666667
2011-07-13,93.70833333333333
2011-07-14,103.16666666666667
2011-07-15,75.41666666666667
2011-07-16,74.75
2011-07-17,105.0
2011-07-18,105.95833333333333
2011-07-19,97.83333333333333
2011-07-20,44.375
2011-07-21,90.16666666666667
2011-07-22,174.70833333333334
2011-07-23,292.4166666666667
2011-07-24,226.75
2011-07-25,51.666666666666664
2011-07-26,47.958333333333336
2011-07-27,67.45833333333333
2011-07-28,210.0
2011-07-29,130.625
2011-07-30,41.791666666666664
2011-07-31,70.70833333333333
2011-08-01,104.0
2011-08-02,104.0
2011-08-03,81.75
2011-08-04,106.29166666666667
2011-08-05,150.33333333333334
2011-08-06,111.70833333333333
2011-08-07,105.0
2011-08-08,103.04166666666667
2011-08-09,162.91666666666666
2011-08-10,45.666666666666664
2011-08-11,100.41666666666667
2011-08-12,133.33333333333334
2011-08-13,121.125
2011-08-14,105.875
2011-08-15,112.625
2011-08-16,16.875
2011-08-17,50.0
2011-08-18,21.458333333333332
2011-08-19,59.125
2011-08-20,77.45833333333333
2011-08-21,86.41666666666667
2011-08-22,106.5
2011-08-23,128.41666666666666
2011-08-24,100.0
2011-08-25,100.70833333333333
2011-08-26,90.875
2011-08-27,88.45833333333333
2011-08-28,85.70833333333333
2011-08-29,125.70833333333333
2011-08-30,164.54166666666666
2011-08-31,238.79166666666666
2011-09-01,28.875
2011-09-02,55.541666666666664
2011-09-03,89.625
2011-09-04,87.45833333333333
2011-09-05,89.375
2011-09-06,118.33333333333333
2011-09-07,158.41666666666666
2011-09-08,36.666666666666664
2011-09-09,21.5
2011-09-10,21.083333333333332
2011-09-11,44.833333333333336
2011-09-12,122.25
2011-09-13,121.45833333333333
2011-09-14,158.5
2011-09-15,149.16666666666666
2011-09-16,22.708333333333332
2011-09-17,18.916666666666668
2011-09-18,21.458333333333332
2011-09-19,29.375
2011-09-20,36.708333333333336
2011-09-21,40.958333333333336
2011-09-22,53.166666666666664
2011-09-23,119.04166666666667
2011-09-24,146.41666666666666
2011-09-25,265.25
2011-09-26,215.54166666666666
2011-09-27,217.29166666666666
2011-09-28,295.875
2011-09-29,45.416666666666664
2011-09-30,26.791666666666668
2011-10-01,39.708333333333336
2011-10-02,25.5
2011-10-03,25.791666666666668
2011-10-04,14.0
2011-10-05,14.0
2011-10-06,14.0
2011-10-07,64.33333333333333
2011-10-08,197.29166666666666
2011-10-09,356.625
2011-10-10,70.125
2011-10-11,118.45833333333333
2011-10-12,232.41666666666666
2011-10-13,91.625
2011-10-14,12.625
2011-10-15,14.625
2011-10-16,16.208333333333332
2011-10-17,32.875
2011-10-18,93.5
2011-10-19,177.54166666666666
2011-10-20,287.9583333333333
2011-10-21,253.33333333333334
2011-10-22,318.875
2011-10-23,174.41666666666666
2011-10-24,17.708333333333332
2011-10-25,36.083333333333336
2011-10-26,175.20833333333334
2011-10-27,242.5
2011-10-28,177.45833333333334
2011-10-29,232.0
2011-10-30,281.9166666666667
2011-10-31,246.625
2011-11-01,204.45833333333334
2011-11-02,40.916666666666664
2011-11-03,70.29166666666667
2011-11-04,96.58333333333333
2011-11-05,31.833333333333332
2011-11-06,66.25
2011-11-07,58.125
2011-11-08,52.791666666666664
2011-11-09,38.0
2011-11-10,68.04166666666667
2011-11-11,155.95833333333334
2011-11-12,46.666666666666664
2011-11-13,29.791666666666668
2011-11-14,152.25
2011-11-15,203.75
2011-11-16,212.83333333333334
2011-11-17,121.79166666666667
2011-11-18,84.125
2011-11-19,20.125
2011-11-20,62.125
2011-11-21,144.0
2011-11-22,151.625
2011-11-23,23.0
2011-11-24,186.625
2011-11-25,214.66666666666666
2011-11-26,246.79166666666666
2011-11-27,227.125
2011-11-28,125.20833333333333
2011-11-29,67.25
2011-11-30,95.70833333333333
2011-12-01,162.95833333333334
2011-12-02,330.2083333333333
2011-12-03,113.83333333333333
2011-12-04,266.4583333333333
2011-12-05,314.6666666666667
2011-12-06,244.04166666666666
2011-12-07,113.91666666666667
2011-12-08,10.833333333333334
2011-12-09,18.666666666666668
2011-12-10,36.583333333333336
2011-12-11,83.70833333333333
2011-12-12,49.416666666666664
2011-12-13,156.91666666666666
2011-12-14,14.458333333333334
2011-12-15,14.5
2011-12-16,26.416666666666668
2011-12-17,107.58333333333333
2011-12-18,52.125
2011-12-19,62.791666666666664
2011-12-20,84.375
2011-12-21,20.833333333333332
2011-12-22,30.416666666666668
2011-12-23,54.625
2011-12-24,43.333333333333336
2011-12-25,85.625
2011-12-26,145.83333333333334
2011-12-27,198.875
2011-12-28,160.5
2011-12-29,61.75
2011-12-30,136.625
2011-12-31,163.66666666666666
2012-01-01,72.25
2012-01-02,63.416666666666664
2012-01-03,14.791666666666666
2012-01-04,33.833333333333336
2012-01-05,117.20833333333333
2012-01-06,113.5
2012-01-07,118.0
2012-01-08,170.45833333333334
2012-01-09,176.75
2012-01-10,231.79166666666666
2012-01-11,55.958333333333336
2012-01-12,153.66666666666666
2012-01-13,60.75
2012-01-14,53.25
2012-01-15,33.0
2012-01-16,33.0
2012-01-17,192.58333333333334
2012-01-18,402.3333333333333
2012-01-19,428.5416666666667
2012-01-20,39.416666666666664
2012-01-21,15.625
2012-01-22,56.541666666666664
2012-01-23,193.79166666666666
2012-01-24,19.458333333333332
2012-01-25,67.45833333333333
2012-01-26,107.125
2012-01-27,72.0
2012-01-28,90.75
2012-01-29,43.291666666666664
2012-01-30,119.625
2012-01-31,71.5
2012-02-01,18.916666666666668
2012-02-02,29.875
2012-02-03,68.95833333333333
2012-02-04,39.583333333333336
2012-02-05,133.54166666666666
2012-02-06,76.0
2012-02-07,11.708333333333334
2012-02-08,15.125
2012-02-09,47.041666666666664
2012-02-10,28.541666666666668
2012-02-11,92.0
2012-02-12,106.33333333333333
2012-02-13,212.125
2012-02-14,100.45833333333333
2012-02-15,108.875
2012-02-16,13.708333333333334
2012-02-17,14.041666666666666
2012-02-18,36.375
2012-02-19,68.20833333333333
2012-02-20,146.25
2012-02-21,119.33333333333333
2012-02-22,162.58333333333334
2012-02-23,26.291666666666668
2012-02-24,92.91666666666667
2012-02-25,24.791666666666668
2012-02-26,62.125
2012-02-27,195.29166666666666
2012-02-28,204.75
2012-02-29,215.95833333333334
2012-03-01,250.95833333333334
2012-03-02,121.375
2012-03-03,93.625
2012-03-04,131.75
2012-03-05,165.41666666666666
2012-03-06,22.041666666666668
2012-03-07,18.541666666666668
2012-03-08,17.583333333333332
2012-03-09,93.08333333333333
2012-03-10,35.708333333333336
2012-03-11,23.75
2012-03-12,73.375
2012-03-13,112.45833333333333
2012-03-14,32.208333333333336
2012-03-15,101.125
2012-03-16,273.9166666666667
2012-03-17,195.66666666666666
2012-03-18,42.25
2012-03-19,101.79166666666667
2012-03-20,135.54166666666666
2012-03-21,284.2916666666667
2012-03-22,157.33333333333334
2012-03-23,30.958333333333332
2012-03-24,19.416666666666668
2012-03-25,44.041666666666664
2012-03-26,160.375
2012-03-27,110.125
2012-03-28,46.25
2012-03-29,46.416666666666664
2012-03-30,16.833333333333332
2012-03-31,26.5
2012-04-01,56.583333333333336
2012-04-02,41.541666666666664
2012-04-03,21.583333333333332
2012-04-04,16.666666666666668
2012-04-05,16.208333333333332
2012-04-06,29.75
2012-04-07,79.91666666666667
2012-04-08,50.0
2012-04-09,123.83333333333333
2012-04-10,61.875
2012-04-11,19.583333333333332
2012-04-12,32.5
2012-04-13,54.25
2012-04-14,60.083333333333336
2012-04-15,73.5
2012-04-16,33.041666666666664
2012-04-17,122.375
2012-04-18,155.5
2012-04-19,115.625
2012-04-20,144.45833333333334
2012-04-21,167.875
2012-04-22,170.125
2012-04-23,249.41666666666666
2012-04-24,91.875
2012-04-25,20.875
2012-04-26,77.54166666666667
2012-04-27,72.25
2012-04-28,116.95833333333333
2012-04-29,176.125
2012-04-30,180.375
2012-05-01,176.08333333333334
2012-05-02,100.625
2012-05-03,70.04166666666667
2012-05-04,116.83333333333333
2012-05-05,96.95833333333333
2012-05-06,105.70833333333333
2012-05-07,87.79166666666667
2012-05-08,83.79166666666667
2012-05-09,113.58333333333333
2012-05-10,181.375
2012-05-11,153.08333333333334
2012-05-12,104.54166666666667
2012-05-13,135.29166666666666
2012-05-14,44.166666666666664
2012-05-15,33.75
2012-05-16,28.291666666666668
2012-05-17,55.958333333333336
2012-05-18,96.83333333333333
2012-05-19,150.29166666666666
2012-05-20,128.0
2012-05-21,138.33333333333334
2012-05-22,92.5
2012-05-23,29.583333333333332
2012-05-24,35.75
2012-05-25,55.083333333333336
2012-05-26,78.66666666666667
2012-05-27,117.125
2012-05-28,127.29166666666667
2012-05-29,67.16666666666667
2012-05-30,15.875
2012-05-31,64.95833333333333
2012-06-01,80.45833333333333
2012-06-02,127.08333333333333
2012-06-03,164.5
2012-06-04,113.08333333333333
2012-06-05,64.91666666666667
2012-06-06,142.66666666666666
2012-06-07,63.25
2012-06-08,75.75
2012-06-09,110.875
2012-06-10,12.25
2012-06-11,29.833333333333332
2012-06-12,20.291666666666668
2012-06-13,70.125
2012-06-14,9.791666666666666
2012-06-15,10.541666666666666
2012-06-16,25.083333333333332
2012-06-17,78.66666666666667
2012-06-18,180.95833333333334
2012-06-19,182.5
2012-06-20,179.20833333333334
2012-06-21,176.20833333333334
2012-06-22,106.04166666666667
2012-06-23,168.08333333333334
2012-06-24,162.45833333333334
2012-06-25,90.29166666666667
2012-06-26,109.16666666666667
2012-06-27,68.29166666666667
2012-06-28,117.08333333333333
2012-06-29,85.125
2012-06-30,69.08333333333333
2012-07-01,136.70833333333334
2012-07-02,34.583333333333336
2012-07-03,36.458333333333336
2012-07-04,86.91666666666667
2012-07-05,95.29166666666667
2012-07-06,125.375
2012-07-07,161.625
2012-07-08,142.79166666666666
2012-07-09,94.66666666666667
2012-07-10,45.583333333333336
2012-07-11,64.16666666666667
2012-07-12,22.75
2012-07-13,25.625
2012-07-14,32.333333333333336
2012-07-15,40.75
2012-07-16,76.45833333333333
2012-07-17,82.95833333333333
2012-07-18,87.20833333333333
2012-07-19,125.20833333333333
2012-07-20,201.875
2012-07-21,162.79166666666666
2012-07-22,15.958333333333334
2012-07-23,31.958333333333332
2012-07-24,69.83333333333333
2012-07-25,82.79166666666667
2012-07-26,56.458333333333336
2012-07-27,82.45833333333333
2012-07-28,111.625
2012-07-29,124.0
2012-07-30,89.41666666666667
2012-07-31,25.083333333333332
2012-08-01,12.958333333333334
2012-08-02,21.083333333333332
2012-08-03,54.791666666666664
2012-08-04,25.458333333333332
2012-08-05,48.708333333333336
2012-08-06,63.666666666666664
2012-08-07,68.41666666666667
2012-08-08,74.91666666666667
2012-08-09,38.333333333333336
2012-08-10,79.04166666666667
2012-08-11,95.29166666666667
2012-08-12,67.0
2012-08-13,43.416666666666664
2012-08-14,55.0
2012-08-15,54.166666666666664
2012-08-16,73.70833333333333
2012-08-17,129.45833333333334
2012-08-18,184.91666666666666
2012-08-19,190.0
2012-08-20,190.0
2012-08-21,103.41666666666667
2012-08-22,20.0
2012-08-23,78.29166666666667
2012-08-24,86.625
2012-08-25,126.16666666666667
2012-08-26,155.91666666666666
2012-08-27,64.625
2012-08-28,87.58333333333333
2012-08-29,107.58333333333333
2012-08-30,236.95833333333334
2012-08-31,185.54166666666666
2012-09-01,157.08333333333334
2012-09-02,29.708333333333332
2012-09-03,9.583333333333334
2012-09-04,14.25
2012-09-05,32.5
2012-09-06,94.70833333333333
2012-09-07,81.54166666666667
2012-09-08,50.958333333333336
2012-09-09,112.20833333333333
2012-09-10,130.45833333333334
2012-09-11,105.29166666666667
2012-09-12,18.291666666666668
2012-09-13,14.666666666666666
2012-09-14,17.458333333333332
2012-09-15,34.958333333333336
2012-09-16,56.208333333333336
2012-09-17,42.208333333333336
2012-09-18,31.541666666666668
2012-09-19,57.208333333333336
2012-09-20,112.70833333333333
2012-09-21,147.79166666666666
2012-09-22,109.66666666666667
2012-09-23,105.33333333333333
2012-09-24,63.125
2012-09-25,61.833333333333336
2012-09-26,27.25
2012-09-27,43.708333333333336
2012-09-28,3.125
2012-09-29,15.0
2012-09-30,15.458333333333334
2012-10-01,53.583333333333336
2012-10-02,155.66666666666666
2012-10-03,62.5
2012-10-04,13.541666666666666
2012-10-05,50.5
2012-10-06,94.04166666666667
2012-10-07,127.95833333333333
2012-10-08,263.25
2012-10-09,106.04166666666667
2012-10-10,19.875
2012-10-11,131.41666666666666
2012-10-12,170.91666666666666
2012-10-13,35.083333333333336
2012-10-14,43.541666666666664
2012-10-15,101.95833333333333
2012-10-16,38.208333333333336
2012-10-17,25.833333333333332
2012-10-18,62.583333333333336
2012-10-19,176.91666666666666
2012-10-20,200.70833333333334
2012-10-21,48.458333333333336
2012-10-22,26.083333333333332
2012-10-23,78.5
2012-10-24,108.66666666666667
2012-10-25,196.29166666666666
2012-10-26,280.3333333333333
2012-10-27,146.20833333333334
2012-10-28,25.833333333333332
2012-10-29,38.375
2012-10-30,30.958333333333332
2012-10-31,32.625
2012-11-01,96.33333333333333
2012-11-02,164.25
2012-11-03,139.83333333333334
2012-11-04,19.833333333333332
2012-11-05,27.541666666666668
2012-11-06,83.45833333333333
2012-11-07,65.0
2012-11-08,56.458333333333336
2012-11-09,105.70833333333333
2012-11-10,71.91666666666667
2012-11-11,11.791666666666666
2012-11-12,21.0
2012-11-13,13.375
2012-11-14,41.166666666666664
2012-11-15,142.5
2012-11-16,116.375
2012-11-17,70.375
2012-11-18,123.0
2012-11-19,32.791666666666664
2012-11-20,88.625
2012-11-21,270.2916666666667
2012-11-22,144.375
2012-11-23,45.916666666666664
2012-11-24,159.66666666666666
2012-11-25,148.04166666666666
2012-11-26,29.833333333333332
2012-11-27,183.79166666666666
2012-11-28,22.291666666666668
2012-11-29,74.16666666666667
2012-11-30,31.0
2012-12-01,85.0
2012-12-02,243.16666666666666
2012-12-03,57.125
2012-12-04,91.83333333333333
2012-12-05,13.875
2012-12-06,75.125
2012-12-07,54.291666666666664
2012-12-08,13.125
2012-12-09,22.541666666666668
2012-12-10,77.25
2012-12-11,136.0
2012-12-12,201.125
2012-12-13,220.08333333333334
2012-12-14,207.75
2012-12-15,267.5416666666667
2012-12-16,132.04166666666666
2012-12-17,27.125
2012-12-18,40.958333333333336
2012-12-19,198.16666666666666
2012-12-20,242.79166666666666
2012-12-21,121.875
2012-12-22,24.208333333333332
2012-12-23,11.958333333333334
2012-12-24,12.0
2012-12-25,12.0
2012-12-26,12.0
2012-12-27,12.0
2012-12-28,126.91666666666667
2012-12-29,32.75
2012-12-30,22.0
2012-12-31,84.25
2013-01-01,15.833333333333334
2013-01-02,18.625
2013-01-03,25.083333333333332
2013-01-04,85.5
2013-01-05,61.166666666666664
2013-01-06,139.95833333333334
2013-01-07,146.16666666666666
2013-01-08,118.83333333333333
2013-01-09,61.916666666666664
2013-01-10,248.29166666666666
2013-01-11,361.25
2013-01-12,556.4583333333334
2013-01-13,416.375
2013-01-14,299.5
2013-01-15,115.16666666666667
2013-01-16,115.20833333333333
2013-01-17,63.638888888888886
2013-01-18,252.43055555555554
2013-01-19,177.3125
2013-01-20,92.81944444444444
2013-01-21,127.7638888888889
2013-01-22,174.69444444444446
2013-01-23,344.75
2013-01-24,18.72222222222222
2013-01-25,64.25
2013-01-26,144.34722222222223
2013-01-27,273.52777777777777
2013-01-28,366.3333333333333
2013-01-29,394.1319444444444
2013-01-30,250.58333333333334
2013-01-31,159.79861111111111
2013-02-01,32.041666666666664
2013-02-02,42.11111111111111
2013-02-03,171.98611111111111
2013-02-04,37.30555555555556
2013-02-05,83.81944444444444
2013-02-06,82.69444444444444
2013-02-07,10.305555555555555
2013-02-08,51.77777777777778
2013-02-09,176.0277777777778
2013-02-10,60.40277777777777
2013-02-11,60.27777777777778
2013-02-12,114.79166666666667
2013-02-13,285.2083333333333
2013-02-14,72.22222222222221
2013-02-15,35.52777777777778
2013-02-16,118.80555555555556
2013-02-17,116.0138888888889
2013-02-18,20.055555555555554
2013-02-19,30.194444444444443
2013-02-20,73.58333333333333
2013-02-21,185.1527777777778
2013-02-22,75.15277777777779
2013-02-23,131.25
2013-02-24,309.68055555555554
2013-02-25,143.25
2013-02-26,199.06944444444446
2013-02-27,229.44444444444446
2013-02-28,231.70833333333334
2013-03-01,8.125
2013-03-02,39.541666666666664
2013-03-03,101.94444444444444
2013-03-04,23.26388888888889
2013-03-05,166.47222222222223
2013-03-06,213.0590277777778
2013-03-07,297.9895833333333
2013-03-08,206.21180555555554
2013-03-09,59.795138888888886
2013-03-10,40.760416666666664
2013-03-11,117.92708333333333
2013-03-12,134.10416666666666
2013-03-13,21.020833333333332
2013-03-14,102.39583333333333
2013-03-15,237.28125
2013-03-16,248.63194444444446
2013-03-17,320.49305555555554
2013-03-18,56.791666666666664
2013-03-19,43.44097222222222
2013-03-20,56.927083333333336
2013-03-21,141.89583333333334
2013-03-22,79.11111111111111
2013-03-23,51.854166666666664
2013-03-24,21.166666666666668
2013-03-25,105.20833333333333
2013-03-26,177.10069444444446
2013-03-27,85.02083333333333
2013-03-28,33.43055555555556
2013-03-29,91.41666666666667
2013-03-30,83.34375
2013-03-31,186.0277777777778
2013-04-01,88.59375
2013-04-02,110.15277777777777
2013-04-03,121.33333333333333
2013-04-04,75.5
2013-04-05,55.28125
2013-04-06,14.201388888888888
2013-04-07,79.90625
2013-04-08,20.979166666666668
2013-04-09,11.864583333333334
2013-04-10,13.96875
2013-04-11,20.23263888888889
2013-04-12,54.302083333333336
2013-04-13,59.78125
2013-04-14,34.26736111111111
2013-04-15,71.61805555555556
2013-04-16,60.96180555555555
2013-04-17,48.66319444444445
2013-04-18,12.545138888888888
2013-04-19,51.56597222222222
2013-04-20,73.91319444444444
2013-04-21,126.4375
2013-04-22,161.24652777777777
2013-04-23,189.72569444444446
2013-04-24,73.71180555555556
2013-04-25,14.451388888888888
2013-04-26,68.51388888888889
2013-04-27,67.33333333333333
2013-04-28,68.59722222222221
2013-04-29,21.31597222222222
2013-04-30,20.46875
2013-05-01,40.520833333333336
2013-05-02,76.92708333333333
2013-05-03,60.767361111111114
2013-05-04,87.03125
2013-05-05,195.48958333333334
2013-05-06,227.32291666666666
2013-05-07,203.97569444444446
2013-05-08,148.38194444444443
2013-05-09,53.579861111111114
2013-05-10,49.423611111111114
2013-05-11,48.09375
2013-05-12,52.15625
2013-05-13,102.33333333333333
2013-05-14,54.427083333333336
2013-05-15,79.99305555555556
2013-05-16,63.604166666666664
2013-05-17,118.27777777777777
2013-05-18,111.89583333333333
2013-05-19,60.697916666666664
2013-05-20,46.270833333333336
2013-05-21,105.91319444444444
2013-05-22,75.26041666666667
2013-05-23,88.11458333333333
2013-05-24,122.10416666666667
2013-05-25,68.59375
2013-05-26,101.77083333333333
2013-05-27,70.69097222222221
2013-05-28,77.94444444444444
2013-05-29,16.03125
2013-05-30,61.1875
2013-05-31,94.82291666666667
2013-06-01,74.24652777777779
2013-06-02,164.49305555555557
2013-06-03,131.08333333333334
2013-06-04,123.15972222222223
2013-06-05,133.10416666666666
2013-06-06,145.26041666666666
2013-06-07,130.55902777777777
2013-06-08,167.03125
2013-06-09,46.927083333333336
2013-06-10,28.520833333333332
2013-06-11,61.89930555555555
2013-06-12,67.77777777777779
2013-06-13,107.17708333333333
2013-06-14,111.30555555555556
2013-06-15,132.91666666666666
2013-06-16,176.18055555555554
2013-06-17,35.72222222222222
2013-06-18,51.989583333333336
2013-06-19,51.604166666666664
2013-06-20,85.7638888888889
2013-06-21,72.11458333333333
2013-06-22,55.454861111111114
2013-06-23,68.08333333333333
2013-06-24,107.71180555555556
2013-06-25,127.66666666666667
2013-06-26,168.28819444444443
2013-06-27,100.78125
2013-06-28,322.2708333333333
2013-06-29,106.46875
2013-06-30,185.08333333333334
2013-07-01,155.65625
2013-07-02,15.416666666666666
2013-07-03,32.083333333333336
2013-07-04,29.3125
2013-07-05,21.1875
2013-07-06,64.4375
2013-07-07,103.16666666666667
2013-07-08,94.13541666666667
2013-07-09,84.94444444444444
2013-07-10,34.458333333333336
2013-07-11,41.072916666666664
2013-07-12,82.52083333333333
2013-07-13,124.80208333333333
2013-07-14,95.94791666666667
2013-07-15,61.03819444444445
2013-07-16,23.125
2013-07-17,48.857638888888886
2013-07-18,157.67708333333334
2013-07-19,148.55208333333334
2013-07-20,111.78472222222223
2013-07-21,80.92708333333333
2013-07-22,103.09027777777777
2013-07-23,44.895833333333336
2013-07-24,45.59027777777778
2013-07-25,39.145833333333336
2013-07-26,57.9375
2013-07-27,119.12152777777777
2013-07-28,64.90972222222221
2013-07-29,68.93402777777779
2013-07-30,124.17708333333333
2013-07-31,45.767361111111114
2013-08-01,41.333333333333336
2013-08-02,76.60416666666667
2013-08-03,33.885416666666664
2013-08-04,93.48958333333333
2013-08-05,43.583333333333336
2013-08-06,157.57638888888889
2013-08-07,32.37152777777778
2013-08-08,39.604166666666664
2013-08-09,43.017361111111114
2013-08-10,97.17708333333333
2013-08-11,153.05555555555557
2013-08-12,62.548611111111114
2013-08-13,94.28819444444444
2013-08-14,86.20833333333333
2013-08-15,142.63541666666666
2013-08-16,139.36805555555557
2013-08-17,41.84375
2013-08-18,15.5625
2013-08-19,25.947916666666668
2013-08-20,94.99652777777777
2013-08-21,97.10416666666667
2013-08-22,108.39930555555556
2013-08-23,54.708333333333336
2013-08-24,37.541666666666664
2013-08-25,42.447916666666664
2013-08-26,55.041666666666664
2013-08-27,55.25
2013-08-28,76.91666666666667
2013-08-29,28.510416666666668
2013-08-30,11.708333333333334
2013-08-31,22.90625
2013-09-01,46.385416666666664
2013-09-02,58.708333333333336
2013-09-03,100.90625
2013-09-04,71.23958333333333
2013-09-05,22.625
2013-09-06,74.02083333333333
2013-09-07,76.26041666666667
2013-09-08,109.07291666666667
2013-09-09,82.54513888888889
2013-09-10,58.68055555555555
2013-09-11,71.5625
2013-09-12,151.39583333333334
2013-09-13,98.71180555555556
2013-09-14,61.510416666666664
2013-09-15,21.645833333333332
2013-09-16,54.71180555555555
2013-09-17,93.44097222222223
2013-09-18,107.84375
2013-09-19,119.03125
2013-09-20,56.80902777777778
2013-09-21,50.177083333333336
2013-09-22,87.30208333333333
2013-09-23,34.354166666666664
2013-09-24,11.902777777777779
2013-09-25,13.541666666666666
2013-09-26,53.13194444444445
2013-09-27,185.41666666666666
2013-09-28,237.84375
2013-09-29,219.4965277777778
2013-09-30,141.26041666666666
2013-10-01,68.42708333333333
2013-10-02,17.395833333333332
2013-10-03,61.791666666666664
2013-10-04,162.08333333333334
2013-10-05,290.93055555555554
2013-10-06,217.71875
2013-10-07,101.92708333333333
2013-10-08,70.90277777777779
2013-10-09,145.78125
2013-10-10,75.92708333333333
2013-10-11,59.59375
2013-10-12,69.54166666666667
2013-10-13,55.21875
2013-10-14,36.760416666666664
2013-10-15,21.885416666666668
2013-10-16,58.895833333333336
2013-10-17,156.99305555555557
2013-10-18,235.69791666666666
2013-10-19,62.708333333333336
2013-10-20,26.78125
2013-10-21,94.93055555555556
2013-10-22,138.60416666666666
2013-10-23,25.229166666666668
2013-10-24,20.975694444444446
2013-10-25,41.9375
2013-10-26,67.52430555555556
2013-10-27,213.5972222222222
2013-10-28,287.9895833333333
2013-10-29,32.666666666666664
2013-10-30,94.74305555555556
2013-10-31,153.3125
2013-11-01,207.47916666666666
2013-11-02,266.5625
2013-11-03,43.1875
2013-11-04,46.28125
2013-11-05,188.47916666666666
2013-11-06,107.3125
2013-11-07,40.78125
2013-11-08,154.9375
2013-11-09,95.33333333333333
2013-11-10,19.104166666666668
2013-11-11,38.739583333333336
2013-11-12,61.579861111111114
2013-11-13,185.04513888888889
2013-11-14,63.74652777777778
2013-11-15,111.15625
2013-11-16,45.885416666666664
2013-11-17,10.614583333333334
2013-11-18,9.427083333333334
2013-11-19,37.70138888888889
2013-11-20,71.52083333333333
2013-11-21,121.28819444444444
2013-11-22,161.86458333333334
2013-11-23,220.63541666666666
2013-11-24,87.0625
2013-11-25,18.211805555555557
2013-11-26,19.47222222222222
2013-11-27,6.75
2013-11-28,23.114583333333332
2013-11-29,56.8125
2013-11-30,34.302083333333336
2013-12-01,81.34375
2013-12-02,126.39583333333333
2013-12-03,86.36458333333333
2013-12-04,108.73958333333333
2013-12-05,45.416666666666664
2013-12-06,154.70833333333334
2013-12-07,326.9479166666667
2013-12-08,204.61458333333334
2013-12-09,16.197916666666668
2013-12-10,25.9375
2013-12-11,30.427083333333332
2013-12-12,20.239583333333332
2013-12-13,62.479166666666664
2013-12-14,55.864583333333336
2013-12-15,54.447916666666664
2013-12-16,168.90972222222223
2013-12-17,74.4375
2013-12-18,51.38194444444445
2013-12-19,38.66319444444444
2013-12-20,33.91319444444444
2013-12-21,76.55208333333333
2013-12-22,164.77083333333334
2013-12-23,145.4375
2013-12-24,285.98263888888886
2013-12-25,156.13541666666666
2013-12-26,9.833333333333334
2013-12-27,26.125
2013-12-28,19.47222222222222
2013-12-29,63.50347222222222
2013-12-30,34.98263888888889
2013-12-31,49.625
2014-01-01,57.104166666666664
2014-01-02,150.66666666666666
2014-01-03,47.104166666666664
2014-01-04,143.88541666666666
2014-01-05,96.67708333333333
2014-01-06,141.46875
2014-01-07,102.11458333333333
2014-01-08,18.135416666666668
2014-01-09,28.46875
2014-01-10,74.76041666666667
2014-01-11,142.64583333333334
2014-01-12,23.350694444444443
2014-01-13,118.45833333333333
2014-01-14,108.42708333333333
2014-01-15,197.23958333333334
2014-01-16,408.7708333333333
2014-01-17,150.03125
2014-01-18,73.10416666666667
2014-01-19,114.94097222222223
2014-01-20,8.375
2014-01-21,43.46527777777778
2014-01-22,144.5
2014-01-23,258.29861111111114
2014-01-24,135.13194444444443
2014-01-25,29.395833333333332
2014-01-26,51.94097222222222
2014-01-27,85.83333333333333
2014-01-28,42.0
2014-01-29,133.125
2014-01-30,67.28125
2014-01-31,148.5625
2014-02-01,141.0625
2014-02-02,64.9375
2014-02-03,6.5
2014-02-04,26.479166666666668
2014-02-05,91.03125
2014-02-06,127.94791666666667
2014-02-07,90.42708333333333
2014-02-08,47.677083333333336
2014-02-09,10.61111111111111
2014-02-10,24.364583333333332
2014-02-11,119.84375
2014-02-12,129.78125
2014-02-13,189.20833333333334
2014-02-14,297.5
2014-02-15,400.3333333333333
2014-02-16,280.6770833333333
2014-02-17,74.87847222222221
2014-02-18,68.17361111111111
2014-02-19,72.5625
2014-02-20,232.54513888888889
2014-02-21,278.06597222222223
2014-02-22,274.21875
2014-02-23,229.20833333333334
2014-02-24,303.17361111111114
2014-02-25,429.8923611111111
2014-02-26,375.55902777777777
2014-02-27,18.916666666666668
2014-02-28,88.8125
2014-03-01,76.57291666666667
2014-03-02,146.5
2014-03-03,222.35416666666666
2014-03-04,44.69444444444445
2014-03-05,23.395833333333332
2014-03-06,18.114583333333332
2014-03-07,55.177083333333336
2014-03-08,154.82291666666666
2014-03-09,107.625
2014-03-10,95.7951388888889
2014-03-11,182.03819444444446
2014-03-12,16.802083333333332
2014-03-13,22.1875
2014-03-14,22.916666666666668
2014-03-15,111.90625
2014-03-16,117.51041666666667
2014-03-17,82.03125
2014-03-18,38.895833333333336
2014-03-19,52.260416666666664
2014-03-20,9.770833333333334
2014-03-21,27.440972222222225
2014-03-22,63.6875
2014-03-23,152.10416666666666
2014-03-24,231.95486111111111
2014-03-25,206.625
2014-03-26,301.3541666666667
2014-03-27,242.16666666666666
2014-03-28,141.13194444444443
2014-03-29,38.354166666666664
2014-03-30,36.458333333333336
2014-03-31,156.03125
2014-04-01,126.29166666666667
2014-04-02,107.57291666666667
2014-04-03,22.614583333333332
2014-04-04,31.885416666666668
2014-04-05,26.833333333333332
2014-04-06,58.40277777777778
2014-04-07,103.33333333333333
2014-04-08,173.11458333333334
2014-04-09,125.4548611111111
2014-04-10,84.31944444444444
2014-04-11,63.03125
2014-04-12,117.49305555555556
2014-04-13,173.14930555555554
2014-04-14,220.80555555555554
2014-04-15,58.739583333333336
2014-04-16,58.50347222222222
2014-04-17,109.71875
2014-04-18,130.28125
2014-04-19,59.322916666666664
2014-04-20,67.68055555555556
2014-04-21,71.14930555555556
2014-04-22,78.46875
2014-04-23,121.26041666666667
2014-04-24,108.79166666666667
2014-04-25,125.86805555555556
2014-04-26,35.125
2014-04-27,57.28125
2014-04-28,59.927083333333336
2014-04-29,89.87847222222223
2014-04-30,98.52083333333333
2014-05-01,111.41666666666667
2014-05-02,25.385416666666668
2014-05-03,51.28125
2014-05-04,31.086805555555557
2014-05-05,43.21875
2014-05-06,87.8125
2014-05-07,70.78819444444444
2014-05-08,84.84375
2014-05-09,63.135416666666664
2014-05-10,49.479166666666664
2014-05-11,23.916666666666668
2014-05-12,43.427083333333336
2014-05-13,58.072916666666664
2014-05-14,18.583333333333332
2014-05-15,65.76041666666667
2014-05-16,51.114583333333336
2014-05-17,58.072916666666664
2014-05-18,89.19791666666667
2014-05-19,110.4548611111111
2014-05-20,81.06944444444444
2014-05-21,102.02083333333333
2014-05-22,136.09375
2014-05-23,77.48958333333333
2014-05-24,84.36805555555556
2014-05-25,64.42708333333333
2014-05-26,19.875
2014-05-27,28.552083333333332
2014-05-28,29.229166666666668
2014-05-29,48.451388888888886
2014-05-30,92.44444444444444
2014-05-31,112.64583333333333
2014-06-01,47.53125
2014-06-02,29.8125
2014-06-03,39.197916666666664
2014-06-04,59.75
2014-06-05,68.04166666666667
2014-06-06,53.625
2014-06-07,12.059027777777779
2014-06-08,34.02777777777778
2014-06-09,31.895833333333332
2014-06-10,76.57291666666667
2014-06-11,40.5625
2014-06-12,29.208333333333332
2014-06-13,59.083333333333336
2014-06-14,46.21875
2014-06-15,119.76041666666667
2014-06-16,141.52083333333334
2014-06-17,76.03125
2014-06-18,66.25
2014-06-19,124.15625
2014-06-20,43.28125
2014-06-21,57.40625
2014-06-22,36.09375
2014-06-23,24.958333333333332
2014-06-24,59.74305555555555
2014-06-25,102.33333333333333
2014-06-26,125.22569444444444
2014-06-27,19.625
2014-06-28,22.333333333333332
2014-06-29,54.416666666666664
2014-06-30,73.91666666666667
2014-07-01,110.91666666666667
2014-07-02,66.34375
2014-07-03,215.23263888888889
2014-07-04,205.33333333333334
2014-07-05,124.5
2014-07-06,199.6875
2014-07-07,163.02083333333334
2014-07-08,86.35416666666667
2014-07-09,24.635416666666668
2014-07-10,30.958333333333332
2014-07-11,31.28125
2014-07-12,13.0625
2014-07-13,21.489583333333332
2014-07-14,29.833333333333332
2014-07-15,49.666666666666664
2014-07-16,115.07291666666667
2014-07-17,147.63541666666666
2014-07-18,124.16666666666667
2014-07-19,62.90277777777778
2014-07-20,61.62847222222222
2014-07-21,23.11111111111111
2014-07-22,13.017361111111112
2014-07-23,26.395833333333332
2014-07-24,72.02083333333333
2014-07-25,74.20833333333333
2014-07-26,101.55208333333333
2014-07-27,102.89583333333333
2014-07-28,108.69791666666667
2014-07-29,114.32291666666667
2014-07-30,134.78125
2014-07-31,191.07291666666666
2014-08-01,136.91666666666666
2014-08-02,108.13541666666667
2014-08-03,112.35416666666667
2014-08-04,34.80902777777778
2014-08-05,25.21875
2014-08-06,37.864583333333336
2014-08-07,65.60069444444444
2014-08-08,63.229166666666664
2014-08-09,80.97916666666667
2014-08-10,39.729166666666664
2014-08-11,25.319444444444443
2014-08-12,28.92013888888889
2014-08-13,27.618055555555557
2014-08-14,32.510416666666664
2014-08-15,45.104166666666664
2014-08-16,69.61458333333333
2014-08-17,50.416666666666664
2014-08-18,61.197916666666664
2014-08-19,81.79166666666667
2014-08-20,94.53819444444444
2014-08-21,125.17708333333333
2014-08-22,59.15972222222222
2014-08-23,121.59375
2014-08-24,20.70486111111111
2014-08-25,16.635416666666668
2014-08-26,24.322916666666668
2014-08-27,55.947916666666664
2014-08-28,82.6875
2014-08-29,84.35416666666667
2014-08-30,143.04166666666666
2014-08-31,81.5
2014-09-01,103.28819444444444
2014-09-02,22.958333333333332
2014-09-03,12.916666666666666
2014-09-04,43.333333333333336
2014-09-05,97.27083333333333
2014-09-06,135.875
2014-09-07,144.27083333333334
2014-09-08,8.71875
2014-09-09,39.27777777777778
2014-09-10,69.17708333333333
2014-09-11,95.01041666666667
2014-09-12,68.125
2014-09-13,63.895833333333336
2014-09-14,45.447916666666664
2014-09-15,18.47222222222222
2014-09-16,44.39930555555555
2014-09-17,35.239583333333336
2014-09-18,67.02083333333333
2014-09-19,95.67708333333333
2014-09-20,135.46875
2014-09-21,93.17708333333333
2014-09-22,99.60416666666667
2014-09-23,55.302083333333336
2014-09-24,31.572916666666668
2014-09-25,111.4375
2014-09-26,132.03125
2014-09-27,35.010416666666664
2014-09-28,64.76388888888889
2014-09-29,51.84375
2014-09-30,26.39236111111111
2014-10-01,77.60416666666667
2014-10-02,62.802083333333336
2014-10-03,118.30208333333333
2014-10-04,74.41666666666667
2014-10-05,31.913194444444443
2014-10-06,35.489583333333336
2014-10-07,144.95833333333334
2014-10-08,286.53472222222223
2014-10-09,349.3298611111111
2014-10-10,305.07638888888886
2014-10-11,189.5625
2014-10-12,9.586805555555555
2014-10-13,19.25
2014-10-14,65.80555555555556
2014-10-15,63.96180555555555
2014-10-16,47.43055555555555
2014-10-17,112.68055555555556
2014-10-18,201.66666666666666
2014-10-19,262.0833333333333
2014-10-20,200.66666666666666
2014-10-21,39.88888888888889
2014-10-22,87.35416666666667
2014-10-23,141.38194444444443
2014-10-24,260.7604166666667
2014-10-25,354.5
2014-10-26,74.27083333333333
2014-10-27,30.96875
2014-10-28,64.54166666666667
2014-10-29,124.09722222222223
2014-10-30,177.06944444444446
2014-10-31,179.40625
2014-11-01,47.229166666666664
2014-11-02,6.895833333333333
2014-11-03,28.989583333333332
2014-11-04,129.79166666666666
2014-11-05,72.60416666666667
2014-11-06,13.548611111111112
2014-11-07,49.53125
2014-11-08,76.63194444444444
2014-11-09,64.11458333333333
2014-11-10,80.17708333333333
2014-11-11,39.333333333333336
2014-11-12,6.385416666666667
2014-11-13,26.100694444444443
2014-11-14,43.15625
2014-11-15,162.45833333333334
2014-11-16,106.3125
2014-11-17,24.291666666666668
2014-11-18,85.8125
2014-11-19,313.24305555555554
2014-11-20,366.1180555555556
2014-11-21,196.45138888888889
2014-11-22,42.89930555555555
2014-11-23,127.90625
2014-11-24,83.52083333333333
2014-11-25,174.16666666666666
2014-11-26,292.00347222222223
2014-11-27,64.04513888888889
2014-11-28,97.04166666666667
2014-11-29,291.1458333333333
2014-11-30,78.21875
2014-12-01,11.364583333333334
2014-12-02,50.145833333333336
2014-12-03,19.069444444444446
2014-12-04,8.229166666666666
2014-12-05,38.82638888888889
2014-12-06,69.75
2014-12-07,47.4375
2014-12-08,64.40277777777779
2014-12-09,315.30555555555554
2014-12-10,119.8888888888889
2014-12-11,22.072916666666668
2014-12-12,11.354166666666666
2014-12-13,48.677083333333336
2014-12-14,98.44791666666667
2014-12-15,77.94791666666667
2014-12-16,7.857638888888889
2014-12-17,91.875
2014-12-18,164.05208333333334
2014-12-19,67.26736111111111
2014-12-20,7.972222222222222
2014-12-21,17.90625
2014-12-22,90.69444444444444
2014-12-23,88.09375
2014-12-24,12.354166666666666
2014-12-25,28.753472222222225
2014-12-26,172.41319444444446
2014-12-27,242.73958333333334
2014-12-28,195.5590277777778
2014-12-29,143.30208333333334
2014-12-30,34.510416666666664
2014-12-31,7.027777777777778
2015-01-01,47.302083333333336
2015-01-02,59.15277777777778
2015-01-03,205.16666666666666
2015-01-04,206.75694444444446
2015-01-05,93.6736111111111
2015-01-06,38.53472222222222
2015-01-07,70.5625
2015-01-08,171.73958333333334
2015-01-09,102.28125
2015-01-10,189.22916666666666
2015-01-11,34.0
2015-01-12,104.89930555555556
2015-01-13,197.04166666666666
2015-01-14,249.90625
2015-01-15,373.9166666666667
2015-01-16,90.32291666666667
2015-01-17,66.83333333333333
2015-01-18,81.45486111111111
2015-01-19,49.486111111111114
2015-01-20,91.16666666666667
2015-01-21,13.90625
2015-01-22,128.01736111111111
2015-01-23,245.30555555555554
2015-01-24,88.57291666666667
2015-01-25,136.05902777777777
2015-01-26,97.88194444444444
2015-01-27,20.447916666666668
2015-01-28,45.16319444444445
2015-01-29,60.84375
2015-01-30,11.5625
2015-01-31,39.51736111111111
2015-02-01,94.05208333333333
2015-02-02,162.48958333333334
2015-02-03,106.80555555555556
2015-02-04,9.697916666666666
2015-02-05,28.666666666666668
2015-02-06,81.42708333333333
2015-02-07,9.46875
2015-02-08,29.333333333333332
2015-02-09,129.11458333333334
2015-02-10,145.95833333333334
2015-02-11,53.451388888888886
2015-02-12,36.302083333333336
2015-02-13,153.23611111111111
2015-02-14,295.03125
2015-02-15,316.4791666666667
2015-02-16,122.59375
2015-02-17,32.88194444444444
2015-02-18,52.13194444444445
2015-02-19,205.2465277777778
2015-02-20,143.15625
2015-02-21,156.45833333333334
2015-02-22,42.979166666666664
2015-02-23,59.885416666666664
2015-02-24,178.35416666666666
2015-02-25,66.23958333333333
2015-02-26,15.114583333333334
2015-02-27,27.197916666666668
2015-02-28,142.72222222222223
2015-03-01,44.447916666666664
2015-03-02,70.77083333333333
2015-03-03,8.76736111111111
2015-03-04,26.28125
2015-03-05,119.8125
2015-03-06,218.80208333333334
2015-03-07,252.75
2015-03-08,123.84375
2015-03-09,8.5
2015-03-10,34.479166666666664
2015-03-11,53.05902777777778
2015-03-12,82.1875
2015-03-13,70.57291666666667
2015-03-14,104.55208333333333
2015-03-15,118.0798611111111
2015-03-16,225.15625
2015-03-17,206.41666666666666
2015-03-18,50.58680555555555
2015-03-19,98.38541666666667
2015-03-20,48.045138888888886
2015-03-21,20.805555555555554
2015-03-22,23.072916666666668
2015-03-23,39.041666666666664
2015-03-24,89.70833333333333
2015-03-25,122.5798611111111
2015-03-26,107.74652777777777
2015-03-27,112.40625
2015-03-28,65.14583333333333
2015-03-29,96.72916666666667
2015-03-30,158.89930555555557
2015-03-31,127.35416666666667
2015-04-01,56.048611111111114
2015-04-02,37.552083333333336
2015-04-03,32.25
2015-04-04,70.55555555555556
2015-04-05,58.270833333333336
2015-04-06,23.4375
2015-04-07,27.944444444444443
2015-04-08,106.90625
2015-04-09,175.66666666666666
2015-04-10,165.81597222222223
2015-04-11,154.98263888888889
2015-04-12,14.708333333333334
2015-04-13,32.40625
2015-04-14,64.63541666666667
2015-04-15,133.375
2015-04-16,31.45138888888889
2015-04-17,89.05902777777777
2015-04-18,143.0625
2015-04-19,65.84375
2015-04-20,76.16666666666667
2015-04-21,61.739583333333336
2015-04-22,53.958333333333336
2015-04-23,60.822916666666664
2015-04-24,61.916666666666664
2015-04-25,88.40625
2015-04-26,109.51041666666667
2015-04-27,94.47916666666667
2015-04-28,54.65972222222222
2015-04-29,119.8611111111111
2015-04-30,116.41666666666667
2015-05-01,122.91666666666667
2015-05-02,45.71875
2015-05-03,47.791666666666664
2015-05-04,24.54861111111111
2015-05-05,49.64930555555555
2015-05-06,28.368055555555557
2015-05-07,53.395833333333336
2015-05-08,60.510416666666664
2015-05-09,37.82986111111111
2015-05-10,41.09375
2015-05-11,27.225694444444443
2015-05-12,29.510416666666668
2015-05-13,88.76041666666667
2015-05-14,25.25
2015-05-15,33.34375
2015-05-16,59.5
2015-05-17,145.4375
2015-05-18,67.58680555555556
2015-05-19,14.003472222222221
2015-05-20,21.51736111111111
2015-05-21,35.5
2015-05-22,57.75
2015-05-23,100.875
2015-05-24,116.59375
2015-05-25,97.8125
2015-05-26,86.80555555555556
2015-05-27,92.94097222222223
2015-05-28,103.30208333333333
2015-05-29,60.0625
2015-05-30,64.59375
2015-05-31,56.0
2015-06-01,105.125
2015-06-02,30.729166666666668
2015-06-03,31.770833333333332
2015-06-04,48.33680555555555
2015-06-05,51.40625
2015-06-06,23.833333333333332
2015-06-07,14.114583333333334
2015-06-08,20.0625
2015-06-09,56.458333333333336
2015-06-10,78.76388888888889
2015-06-11,21.680555555555557
2015-06-12,7.333333333333333
2015-06-13,13.454861111111112
2015-06-14,22.121527777777775
2015-06-15,93.38194444444444
2015-06-16,105.90625
2015-06-17,39.70486111111111
2015-06-18,19.677083333333332
2015-06-19,21.572916666666668
2015-06-20,23.0
2015-06-21,45.09375
2015-06-22,91.96875
2015-06-23,183.75
2015-06-24,100.57291666666667
2015-06-25,110.44444444444444
2015-06-26,98.625
2015-06-27,88.83333333333333
2015-06-28,144.91666666666666
2015-06-29,102.88194444444444
2015-06-30,14.451388888888888
2015-07-01,19.309027777777775
2015-07-02,9.072916666666666
2015-07-03,23.45486111111111
2015-07-04,32.50347222222222
2015-07-05,62.125
2015-07-06,65.58333333333333
2015-07-07,66.57638888888889
2015-07-08,117.96180555555556
2015-07-09,64.88888888888889
2015-07-10,46.55555555555555
2015-07-11,100.60416666666667
2015-07-12,104.48958333333333
2015-07-13,42.302083333333336
2015-07-14,29.368055555555557
2015-07-15,34.552083333333336
2015-07-16,38.458333333333336
2015-07-17,37.364583333333336
2015-07-18,45.708333333333336
2015-07-19,74.79166666666667
2015-07-20,89.6111111111111
2015-07-21,120.7673611111111
2015-07-22,57.03125
2015-07-23,45.78125
2015-07-24,55.21875
2015-07-25,92.71875
2015-07-26,114.52083333333333
2015-07-27,61.22222222222222
2015-07-28,53.552083333333336
2015-07-29,95.71875
2015-07-30,41.28125
2015-07-31,24.020833333333332
2015-08-01,74.88541666666667
2015-08-02,70.66666666666667
2015-08-03,64.09375
2015-08-04,20.51388888888889
2015-08-05,75.39583333333333
2015-08-06,59.329861111111114
2015-08-07,89.38541666666667
2015-08-08,45.260416666666664
2015-08-09,56.552083333333336
2015-08-10,47.177083333333336
2015-08-11,95.125
2015-08-12,85.9375
2015-08-13,117.79166666666667
2015-08-14,57.40625
2015-08-15,22.03125
2015-08-16,41.6875
2015-08-17,76.45138888888889
2015-08-18,43.43055555555555
2015-08-19,54.208333333333336
2015-08-20,30.5625
2015-08-21,14.020833333333334
2015-08-22,17.680555555555554
2015-08-23,18.680555555555554
2015-08-24,13.444444444444445
2015-08-25,14.263888888888891
2015-08-26,10.215277777777777
2015-08-27,11.416666666666666
2015-08-28,14.538194444444445
2015-08-29,26.416666666666668
2015-08-30,26.694444444444443
2015-08-31,27.51388888888889
2015-09-01,9.868055555555555
2015-09-02,7.833333333333333
2015-09-03,15.097222222222221
2015-09-04,50.020833333333336
2015-09-05,18.319444444444446
2015-09-06,16.34722222222222
2015-09-07,26.333333333333332
2015-09-08,58.416666666666664
2015-09-09,35.65277777777778
2015-09-10,8.395833333333334
2015-09-11,8.319444444444445
2015-09-12,7.493055555555556
2015-09-13,19.46527777777778
2015-09-14,68.82291666666667
2015-09-15,109.05555555555556
2015-09-16,134.83333333333334
2015-09-17,151.04861111111111
2015-09-18,82.22569444444444
2015-09-19,22.586805555555557
2015-09-20,92.0625
2015-09-21,90.4375
2015-09-22,130.30555555555557
2015-09-23,31.958333333333332
2015-09-24,105.28819444444444
2015-09-25,22.489583333333332
2015-09-26,31.458333333333332
2015-09-27,51.15972222222222
2015-09-28,50.21180555555555
2015-09-29,44.888888888888886
2015-09-30,27.347222222222225
2015-10-01,11.701388888888888
2015-10-02,26.222222222222225
2015-10-03,25.125
2015-10-04,120.36805555555556
2015-10-05,222.06944444444446
2015-10-06,293.1666666666667
2015-10-07,246.91666666666666
2015-10-08,9.121527777777779
2015-10-09,18.604166666666668
2015-10-10,5.125
2015-10-11,7.684027777777778
2015-10-12,14.427083333333334
2015-10-13,41.333333333333336
2015-10-14,120.89930555555556
2015-10-15,120.52777777777777
2015-10-16,234.54166666666666
2015-10-17,320.68055555555554
2015-10-18,55.3125
2015-10-19,63.611111111111114
2015-10-20,76.21527777777779
2015-10-21,52.75
2015-10-22,30.166666666666668
2015-10-23,55.94444444444445
2015-10-24,55.364583333333336
2015-10-25,30.75
2015-10-26,31.86111111111111
2015-10-27,15.819444444444445
2015-10-28,7.722222222222222
2015-10-29,7.958333333333333
2015-10-30,25.934027777777775
2015-10-31,47.06944444444445
2015-11-01,77.68402777777779
2015-11-02,90.19097222222223
2015-11-03,165.77430555555557
2015-11-04,211.6215277777778
2015-11-05,108.75
2015-11-06,16.180555555555554
2015-11-07,14.694444444444445
2015-11-08,56.16319444444445
2015-11-09,139.19444444444443
2015-11-10,138.98611111111111
2015-11-11,116.5763888888889
2015-11-12,169.44444444444443
2015-11-13,207.57986111111111
2015-11-14,269.13888888888886
2015-11-15,209.44444444444446
2015-11-16,56.416666666666664
2015-11-17,55.03472222222222
2015-11-18,62.69444444444445
2015-11-19,78.99652777777779
2015-11-20,66.99652777777779
2015-11-21,46.75
2015-11-22,49.34722222222222
2015-11-23,25.118055555555557
2015-11-24,31.506944444444443
2015-11-25,48.0
2015-11-26,35.83680555555556
2015-11-27,249.70833333333334
2015-11-28,295.56944444444446
2015-11-29,257.86111111111114
2015-11-30,422.8333333333333
2015-12-01,473.4201388888889
2015-12-02,6.84375
2015-12-03,9.916666666666666
2015-12-04,30.944444444444443
2015-12-05,44.270833333333336
2015-12-06,163.05555555555557
2015-12-07,183.07291666666666
2015-12-08,263.5763888888889
2015-12-09,272.02777777777777
2015-12-10,99.7638888888889
2015-12-11,45.986111111111114
2015-12-12,160.77777777777777
2015-12-13,193.1527777777778
2015-12-14,138.01736111111111
2015-12-15,6.131944444444444
2015-12-16,7.340277777777778
2015-12-17,59.83680555555555
2015-12-18,69.63888888888889
2015-12-19,150.98611111111111
2015-12-20,234.51388888888889
2015-12-21,245.27083333333334
2015-12-22,331.3645833333333
2015-12-23,260.06944444444446
2015-12-24,111.5
2015-12-25,535.2951388888889
2015-12-26,251.80208333333334
2015-12-27,58.1875
2015-12-28,115.3125
2015-12-29,336.8854166666667
2015-12-30,95.83333333333333
2015-12-31,72.75347222222221
